Stops,Distance (km)
"13.108225922813784,77.58094729480572;13.102719090767396,77.579687830924232;13.026702844939722,77.51381367326027;13.02311230584062,77.50428271296745",19.856
