Stops,Distance (km)
"40.629041,-74.025606;40.630099,-73.993521;40.644895,-74.013818;40.627177,-73.980853",10.17
