Product_Category,MSE
M01AB,2.215862978762894
M01AE,1.724509140570067
N02BA,1.5025279930023523
N02BE,14.679180872498595
N05B,3.389769907157968
N05C,0.8249030654701697
R03,6.527901622360311
R06,2.1138558202653943
